,2015-2019 マルスゾウカブトの出品価格
1,2015,1,"10,000円"
2,2015,1,"1,500円"
3,2015,1,"10,000円"
4,2015,1,"6,500円"
5,2015,1,"7,250円"
6,2015,1,"1,900円"
7,2015,1,"1,500円"
8,2015,1,"1,500円"
9,2015,1,"1,500円"
10,2015,1,"11,551円"
11,2015,1,"7,250円"
12,2015,1,"36,500円"
13,2015,1,"14,000円"
14,2015,1,"9,000円"
15,2015,1,"5,580円"
16,2015,1,"8,250円"
17,2015,1,"15,000円"
18,2015,1,"19,500円"
19,2015,1,"35,502円"
20,2015,1,"2,500円"
21,2015,1,"2,500円"
22,2015,1,"17,500円"
23,2015,1,"7,000円"
24,2015,1,"3,600円"
25,2015,1,"11,000円"
26,2015,1,"7,250円"
27,2015,1,"2,610円"
28,2015,1,"2,622円"
29,2015,1,"4,200円"
30,2015,1,"12,000円"
31,2015,1,"11,500円"
32,2015,1,"10,000円"
33,2015,1,"5,250円"
34,2015,2,"10,000円"
35,2015,2,"1,500円"
36,2015,2,"10,000円"
37,2015,2,"6,500円"
38,2015,2,"7,250円"
39,2015,2,"1,900円"
40,2015,2,"1,500円"
41,2015,2,"1,500円"
42,2015,2,"1,500円"
43,2015,2,"11,551円"
44,2015,2,"7,250円"
45,2015,2,"36,500円"
46,2015,2,"14,000円"
47,2015,2,"9,000円"
48,2015,2,"5,580円"
49,2015,2,"8,250円"
50,2015,2,"15,000円"
51,2015,2,"19,500円"
52,2015,2,"35,502円"
53,2015,2,"2,500円"
54,2015,2,"2,500円"
55,2015,2,"17,500円"
56,2015,2,"7,000円"
57,2015,2,"3,600円"
58,2015,2,"11,000円"
59,2015,2,"7,250円"
60,2015,2,"2,610円"
61,2015,2,"2,622円"
62,2015,2,"4,200円"
63,2015,2,"12,000円"
64,2015,2,"11,500円"
65,2015,2,"10,000円"
66,2015,2,"5,250円"
67,2015,3,"10,000円"
68,2015,3,"1,500円"
69,2015,3,"10,000円"
70,2015,3,"6,500円"
71,2015,3,"7,250円"
72,2015,3,"1,900円"
73,2015,3,"1,500円"
74,2015,3,"1,500円"
75,2015,3,"1,500円"
76,2015,3,"11,551円"
77,2015,3,"7,250円"
78,2015,3,"36,500円"
79,2015,3,"14,000円"
80,2015,3,"9,000円"
81,2015,3,"5,580円"
82,2015,3,"8,250円"
83,2015,3,"15,000円"
84,2015,3,"19,500円"
85,2015,3,"35,502円"
86,2015,3,"2,500円"
87,2015,3,"2,500円"
88,2015,3,"17,500円"
89,2015,3,"7,000円"
90,2015,3,"3,600円"
91,2015,3,"11,000円"
92,2015,3,"7,250円"
93,2015,3,"2,610円"
94,2015,3,"2,622円"
95,2015,3,"4,200円"
96,2015,3,"12,000円"
97,2015,3,"11,500円"
98,2015,3,"10,000円"
99,2015,3,"5,250円"
100,2015,4,"10,000円"
101,2015,4,"1,500円"
102,2015,4,"10,000円"
103,2015,4,"6,500円"
104,2015,4,"7,250円"
105,2015,4,"1,900円"
106,2015,4,"1,500円"
107,2015,4,"1,500円"
108,2015,4,"1,500円"
109,2015,4,"11,551円"
110,2015,4,"7,250円"
111,2015,4,"36,500円"
112,2015,4,"14,000円"
113,2015,4,"9,000円"
114,2015,4,"5,580円"
115,2015,4,"8,250円"
116,2015,4,"15,000円"
117,2015,4,"19,500円"
118,2015,4,"35,502円"
119,2015,4,"2,500円"
120,2015,4,"2,500円"
121,2015,4,"17,500円"
122,2015,4,"7,000円"
123,2015,4,"3,600円"
124,2015,4,"11,000円"
125,2015,4,"7,250円"
126,2015,4,"2,610円"
127,2015,4,"2,622円"
128,2015,4,"4,200円"
129,2015,4,"12,000円"
130,2015,4,"11,500円"
131,2015,4,"10,000円"
132,2015,4,"5,250円"
133,2015,5,"10,000円"
134,2015,5,"1,500円"
135,2015,5,"10,000円"
136,2015,5,"6,500円"
137,2015,5,"7,250円"
138,2015,5,"1,900円"
139,2015,5,"1,500円"
140,2015,5,"1,500円"
141,2015,5,"1,500円"
142,2015,5,"11,551円"
143,2015,5,"7,250円"
144,2015,5,"36,500円"
145,2015,5,"14,000円"
146,2015,5,"9,000円"
147,2015,5,"5,580円"
148,2015,5,"8,250円"
149,2015,5,"15,000円"
150,2015,5,"19,500円"
151,2015,5,"35,502円"
152,2015,5,"2,500円"
153,2015,5,"2,500円"
154,2015,5,"17,500円"
155,2015,5,"7,000円"
156,2015,5,"3,600円"
157,2015,5,"11,000円"
158,2015,5,"7,250円"
159,2015,5,"2,610円"
160,2015,5,"2,622円"
161,2015,5,"4,200円"
162,2015,5,"12,000円"
163,2015,5,"11,500円"
164,2015,5,"10,000円"
165,2015,5,"5,250円"
166,2015,6,"10,000円"
167,2015,6,"1,500円"
168,2015,6,"10,000円"
169,2015,6,"6,500円"
170,2015,6,"7,250円"
171,2015,6,"1,900円"
172,2015,6,"1,500円"
173,2015,6,"1,500円"
174,2015,6,"1,500円"
175,2015,6,"11,551円"
176,2015,6,"7,250円"
177,2015,6,"36,500円"
178,2015,6,"14,000円"
179,2015,6,"9,000円"
180,2015,6,"5,580円"
181,2015,6,"8,250円"
182,2015,6,"15,000円"
183,2015,6,"19,500円"
184,2015,6,"35,502円"
185,2015,6,"2,500円"
186,2015,6,"2,500円"
187,2015,6,"17,500円"
188,2015,6,"7,000円"
189,2015,6,"3,600円"
190,2015,6,"11,000円"
191,2015,6,"7,250円"
192,2015,6,"2,610円"
193,2015,6,"2,622円"
194,2015,6,"4,200円"
195,2015,6,"12,000円"
196,2015,6,"11,500円"
197,2015,6,"10,000円"
198,2015,6,"5,250円"
199,2015,7,"10,000円"
200,2015,7,"1,500円"
201,2015,7,"10,000円"
202,2015,7,"6,500円"
203,2015,7,"7,250円"
204,2015,7,"1,900円"
205,2015,7,"1,500円"
206,2015,7,"1,500円"
207,2015,7,"1,500円"
208,2015,7,"11,551円"
209,2015,7,"7,250円"
210,2015,7,"36,500円"
211,2015,7,"14,000円"
212,2015,7,"9,000円"
213,2015,7,"5,580円"
214,2015,7,"8,250円"
215,2015,7,"15,000円"
216,2015,7,"19,500円"
217,2015,7,"35,502円"
218,2015,7,"2,500円"
219,2015,7,"2,500円"
220,2015,7,"17,500円"
221,2015,7,"7,000円"
222,2015,7,"3,600円"
223,2015,7,"11,000円"
224,2015,7,"7,250円"
225,2015,7,"2,610円"
226,2015,7,"2,622円"
227,2015,7,"4,200円"
228,2015,7,"12,000円"
229,2015,7,"11,500円"
230,2015,7,"10,000円"
231,2015,7,"5,250円"
232,2015,8,"10,000円"
233,2015,8,"1,500円"
234,2015,8,"10,000円"
235,2015,8,"6,500円"
236,2015,8,"7,250円"
237,2015,8,"1,900円"
238,2015,8,"1,500円"
239,2015,8,"1,500円"
240,2015,8,"1,500円"
241,2015,8,"11,551円"
242,2015,8,"7,250円"
243,2015,8,"36,500円"
244,2015,8,"14,000円"
245,2015,8,"9,000円"
246,2015,8,"5,580円"
247,2015,8,"8,250円"
248,2015,8,"15,000円"
249,2015,8,"19,500円"
250,2015,8,"35,502円"
251,2015,8,"2,500円"
252,2015,8,"2,500円"
253,2015,8,"17,500円"
254,2015,8,"7,000円"
255,2015,8,"3,600円"
256,2015,8,"11,000円"
257,2015,8,"7,250円"
258,2015,8,"2,610円"
259,2015,8,"2,622円"
260,2015,8,"4,200円"
261,2015,8,"12,000円"
262,2015,8,"11,500円"
263,2015,8,"10,000円"
264,2015,8,"5,250円"
265,2015,9,"10,000円"
266,2015,9,"1,500円"
267,2015,9,"10,000円"
268,2015,9,"6,500円"
269,2015,9,"7,250円"
270,2015,9,"1,900円"
271,2015,9,"1,500円"
272,2015,9,"1,500円"
273,2015,9,"1,500円"
274,2015,9,"11,551円"
275,2015,9,"7,250円"
276,2015,9,"36,500円"
277,2015,9,"14,000円"
278,2015,9,"9,000円"
279,2015,9,"5,580円"
280,2015,9,"8,250円"
281,2015,9,"15,000円"
282,2015,9,"19,500円"
283,2015,9,"35,502円"
284,2015,9,"2,500円"
285,2015,9,"2,500円"
286,2015,9,"17,500円"
287,2015,9,"7,000円"
288,2015,9,"3,600円"
289,2015,9,"11,000円"
290,2015,9,"7,250円"
291,2015,9,"2,610円"
292,2015,9,"2,622円"
293,2015,9,"4,200円"
294,2015,9,"12,000円"
295,2015,9,"11,500円"
296,2015,9,"10,000円"
297,2015,9,"5,250円"
298,2015,10,"9,050円"
299,2015,10,"14,610円"
300,2015,10,"15,500円"
301,2015,10,"4,700円"
302,2015,10,"16,000円"
303,2015,10,"9,500円"
304,2015,10,"7,950円"
305,2015,10,"15,000円"
306,2015,10,"3,600円"
307,2015,10,"15,000円"
308,2015,10,"7,250円"
309,2015,10,"12,000円"
310,2015,10,"4,100円"
311,2015,10,"9,260円"
312,2015,10,"17,500円"
313,2015,10,"10,500円"
314,2015,10,"10,000円"
315,2015,10,"3,000円"
316,2015,10,"3,000円"
317,2015,10,"3,000円"
318,2015,10,"2,200円"
319,2015,10,"11,000円"
320,2015,10,"2,000円"
321,2015,11,"7,800円"
322,2015,11,"5,000円"
323,2015,11,"8,750円"
324,2015,11,"14,500円"
325,2015,11,"10,500円"
326,2015,11,"10,000円"
327,2015,11,"9,250円"
328,2015,11,"11,000円"
329,2015,11,"13,653円"
330,2015,11,"7,000円"
331,2015,11,"4,411円"
332,2015,11,"12,990円"
333,2015,11,"4,180円"
334,2015,11,"11,100円"
335,2015,11,"13,700円"
336,2015,11,"12,345円"
337,2015,11,"4,980円"
338,2015,11,"9,450円"
339,2015,11,"11,650円"
340,2015,11,"12,000円"
341,2015,11,"3,900円"
342,2015,11,"17,000円"
343,2015,11,"19,800円"
344,2015,11,"19,500円"
345,2015,11,"11,100円"
346,2015,11,"11,150円"
347,2015,11,"7,250円"
348,2015,11,"6,751円"
349,2015,11,"21,055円"
350,2015,11,"6,250円"
351,2015,11,"71,800円"
352,2015,11,"4,700円"
353,2015,11,"8,350円"
354,2015,12,"3,500円"
355,2015,12,"4,500円"
356,2015,12,"7,327円"
357,2015,12,"10,500円"
358,2015,12,"6,916円"
359,2015,12,"15,400円"
360,2015,12,"8,250円"
361,2015,12,"14,601円"
362,2015,12,"6,750円"
363,2015,12,"3,600円"
364,2015,12,"4,200円"
365,2015,12,"12,000円"
366,2015,12,"5,300円"
367,2015,12,"11,500円"
368,2015,12,"10,000円"
369,2015,12,"3,000円"
370,2015,12,"3,000円"
371,2015,12,"3,000円"
372,2015,12,"7,750円"
373,2016,1,"10,000円"
374,2016,1,"1,500円"
375,2016,1,"10,000円"
376,2016,1,"6,500円"
377,2016,1,"7,250円"
378,2016,1,"1,900円"
379,2016,1,"1,500円"
380,2016,1,"1,500円"
381,2016,1,"1,500円"
382,2016,1,"11,551円"
383,2016,1,"7,250円"
384,2016,1,"36,500円"
385,2016,1,"14,000円"
386,2016,1,"9,000円"
387,2016,1,"5,580円"
388,2016,1,"8,250円"
389,2016,1,"15,000円"
390,2016,1,"19,500円"
391,2016,1,"35,502円"
392,2016,1,"2,500円"
393,2016,1,"2,500円"
394,2016,1,"17,500円"
395,2016,1,"7,000円"
396,2016,1,"3,600円"
397,2016,1,"11,000円"
398,2016,1,"7,250円"
399,2016,1,"2,610円"
400,2016,1,"2,622円"
401,2016,1,"4,200円"
402,2016,1,"12,000円"
403,2016,1,"11,500円"
404,2016,1,"10,000円"
405,2016,1,"5,250円"
406,2016,2,"10,000円"
407,2016,2,"1,500円"
408,2016,2,"10,000円"
409,2016,2,"6,500円"
410,2016,2,"7,250円"
411,2016,2,"1,900円"
412,2016,2,"1,500円"
413,2016,2,"1,500円"
414,2016,2,"1,500円"
415,2016,2,"11,551円"
416,2016,2,"7,250円"
417,2016,2,"36,500円"
418,2016,2,"14,000円"
419,2016,2,"9,000円"
420,2016,2,"5,580円"
421,2016,2,"8,250円"
422,2016,2,"15,000円"
423,2016,2,"19,500円"
424,2016,2,"35,502円"
425,2016,2,"2,500円"
426,2016,2,"2,500円"
427,2016,2,"17,500円"
428,2016,2,"7,000円"
429,2016,2,"3,600円"
430,2016,2,"11,000円"
431,2016,2,"7,250円"
432,2016,2,"2,610円"
433,2016,2,"2,622円"
434,2016,2,"4,200円"
435,2016,2,"12,000円"
436,2016,2,"11,500円"
437,2016,2,"10,000円"
438,2016,2,"5,250円"
439,2016,3,"10,000円"
440,2016,3,"1,500円"
441,2016,3,"10,000円"
442,2016,3,"6,500円"
443,2016,3,"7,250円"
444,2016,3,"1,900円"
445,2016,3,"1,500円"
446,2016,3,"1,500円"
447,2016,3,"1,500円"
448,2016,3,"11,551円"
449,2016,3,"7,250円"
450,2016,3,"36,500円"
451,2016,3,"14,000円"
452,2016,3,"9,000円"
453,2016,3,"5,580円"
454,2016,3,"8,250円"
455,2016,3,"15,000円"
456,2016,3,"19,500円"
457,2016,3,"35,502円"
458,2016,3,"2,500円"
459,2016,3,"2,500円"
460,2016,3,"17,500円"
461,2016,3,"7,000円"
462,2016,3,"3,600円"
463,2016,3,"11,000円"
464,2016,3,"7,250円"
465,2016,3,"2,610円"
466,2016,3,"2,622円"
467,2016,3,"4,200円"
468,2016,3,"12,000円"
469,2016,3,"11,500円"
470,2016,3,"10,000円"
471,2016,3,"5,250円"
472,2016,4,"10,000円"
473,2016,4,"1,500円"
474,2016,4,"10,000円"
475,2016,4,"6,500円"
476,2016,4,"7,250円"
477,2016,4,"1,900円"
478,2016,4,"1,500円"
479,2016,4,"1,500円"
480,2016,4,"1,500円"
481,2016,4,"11,551円"
482,2016,4,"7,250円"
483,2016,4,"36,500円"
484,2016,4,"14,000円"
485,2016,4,"9,000円"
486,2016,4,"5,580円"
487,2016,4,"8,250円"
488,2016,4,"15,000円"
489,2016,4,"19,500円"
490,2016,4,"35,502円"
491,2016,4,"2,500円"
492,2016,4,"2,500円"
493,2016,4,"17,500円"
494,2016,4,"7,000円"
495,2016,4,"3,600円"
496,2016,4,"11,000円"
497,2016,4,"7,250円"
498,2016,4,"2,610円"
499,2016,4,"2,622円"
500,2016,4,"4,200円"
501,2016,4,"12,000円"
502,2016,4,"11,500円"
503,2016,4,"10,000円"
504,2016,4,"5,250円"
505,2016,5,"10,000円"
506,2016,5,"1,500円"
507,2016,5,"10,000円"
508,2016,5,"6,500円"
509,2016,5,"7,250円"
510,2016,5,"1,900円"
511,2016,5,"1,500円"
512,2016,5,"1,500円"
513,2016,5,"1,500円"
514,2016,5,"11,551円"
515,2016,5,"7,250円"
516,2016,5,"36,500円"
517,2016,5,"14,000円"
518,2016,5,"9,000円"
519,2016,5,"5,580円"
520,2016,5,"8,250円"
521,2016,5,"15,000円"
522,2016,5,"19,500円"
523,2016,5,"35,502円"
524,2016,5,"2,500円"
525,2016,5,"2,500円"
526,2016,5,"17,500円"
527,2016,5,"7,000円"
528,2016,5,"3,600円"
529,2016,5,"11,000円"
530,2016,5,"7,250円"
531,2016,5,"2,610円"
532,2016,5,"2,622円"
533,2016,5,"4,200円"
534,2016,5,"12,000円"
535,2016,5,"11,500円"
536,2016,5,"10,000円"
537,2016,5,"5,250円"
538,2016,6,"10,000円"
539,2016,6,"1,500円"
540,2016,6,"10,000円"
541,2016,6,"6,500円"
542,2016,6,"7,250円"
543,2016,6,"1,900円"
544,2016,6,"1,500円"
545,2016,6,"1,500円"
546,2016,6,"1,500円"
547,2016,6,"11,551円"
548,2016,6,"7,250円"
549,2016,6,"36,500円"
550,2016,6,"14,000円"
551,2016,6,"9,000円"
552,2016,6,"5,580円"
553,2016,6,"8,250円"
554,2016,6,"15,000円"
555,2016,6,"19,500円"
556,2016,6,"35,502円"
557,2016,6,"2,500円"
558,2016,6,"2,500円"
559,2016,6,"17,500円"
560,2016,6,"7,000円"
561,2016,6,"3,600円"
562,2016,6,"11,000円"
563,2016,6,"7,250円"
564,2016,6,"2,610円"
565,2016,6,"2,622円"
566,2016,6,"4,200円"
567,2016,6,"12,000円"
568,2016,6,"11,500円"
569,2016,6,"10,000円"
570,2016,6,"5,250円"
571,2016,7,"10,000円"
572,2016,7,"1,500円"
573,2016,7,"10,000円"
574,2016,7,"6,500円"
575,2016,7,"7,250円"
576,2016,7,"1,900円"
577,2016,7,"1,500円"
578,2016,7,"1,500円"
579,2016,7,"1,500円"
580,2016,7,"11,551円"
581,2016,7,"7,250円"
582,2016,7,"36,500円"
583,2016,7,"14,000円"
584,2016,7,"9,000円"
585,2016,7,"5,580円"
586,2016,7,"8,250円"
587,2016,7,"15,000円"
588,2016,7,"19,500円"
589,2016,7,"35,502円"
590,2016,7,"2,500円"
591,2016,7,"2,500円"
592,2016,7,"17,500円"
593,2016,7,"7,000円"
594,2016,7,"3,600円"
595,2016,7,"11,000円"
596,2016,7,"7,250円"
597,2016,7,"2,610円"
598,2016,7,"2,622円"
599,2016,7,"4,200円"
600,2016,7,"12,000円"
601,2016,7,"11,500円"
602,2016,7,"10,000円"
603,2016,7,"5,250円"
604,2016,8,"10,000円"
605,2016,8,"1,500円"
606,2016,8,"10,000円"
607,2016,8,"6,500円"
608,2016,8,"7,250円"
609,2016,8,"1,900円"
610,2016,8,"1,500円"
611,2016,8,"1,500円"
612,2016,8,"1,500円"
613,2016,8,"11,551円"
614,2016,8,"7,250円"
615,2016,8,"36,500円"
616,2016,8,"14,000円"
617,2016,8,"9,000円"
618,2016,8,"5,580円"
619,2016,8,"8,250円"
620,2016,8,"15,000円"
621,2016,8,"19,500円"
622,2016,8,"35,502円"
623,2016,8,"2,500円"
624,2016,8,"2,500円"
625,2016,8,"17,500円"
626,2016,8,"7,000円"
627,2016,8,"3,600円"
628,2016,8,"11,000円"
629,2016,8,"7,250円"
630,2016,8,"2,610円"
631,2016,8,"2,622円"
632,2016,8,"4,200円"
633,2016,8,"12,000円"
634,2016,8,"11,500円"
635,2016,8,"10,000円"
636,2016,8,"5,250円"
637,2016,9,"10,000円"
638,2016,9,"1,500円"
639,2016,9,"10,000円"
640,2016,9,"6,500円"
641,2016,9,"7,250円"
642,2016,9,"1,900円"
643,2016,9,"1,500円"
644,2016,9,"1,500円"
645,2016,9,"1,500円"
646,2016,9,"11,551円"
647,2016,9,"7,250円"
648,2016,9,"36,500円"
649,2016,9,"14,000円"
650,2016,9,"9,000円"
651,2016,9,"5,580円"
652,2016,9,"8,250円"
653,2016,9,"15,000円"
654,2016,9,"19,500円"
655,2016,9,"35,502円"
656,2016,9,"2,500円"
657,2016,9,"2,500円"
658,2016,9,"17,500円"
659,2016,9,"7,000円"
660,2016,9,"3,600円"
661,2016,9,"11,000円"
662,2016,9,"7,250円"
663,2016,9,"2,610円"
664,2016,9,"2,622円"
665,2016,9,"4,200円"
666,2016,9,"12,000円"
667,2016,9,"11,500円"
668,2016,9,"10,000円"
669,2016,9,"5,250円"
670,2016,10,"3,000円"
671,2016,10,"1,000円"
672,2016,10,"7,750円"
673,2016,10,"8,001円"
674,2016,10,"3,200円"
675,2016,10,"2,500円"
676,2016,10,"3,000円"
677,2016,10,"1,600円"
678,2016,10,"23,000円"
679,2016,10,"4,400円"
680,2016,10,"2,000円"
681,2016,10,"4,000円"
682,2016,10,"2,500円"
683,2016,10,"7,750円"
684,2016,10,"4,900円"
685,2016,10,"5,750円"
686,2016,10,"1,500円"
687,2016,10,"6,600円"
688,2016,10,"2,110円"
689,2016,10,"12,000円"
690,2016,10,"1,000円"
691,2016,10,"1,000円"
692,2016,10,"1,000円"
693,2016,10,"2,600円"
694,2016,10,"2,500円"
695,2016,10,"6,750円"
696,2016,10,"17,000円"
697,2016,10,"2,500円"
698,2016,10,"4,500円"
699,2016,10,"19,500円"
700,2016,10,"3,400円"
701,2016,10,"7,000円"
702,2016,10,"2,600円"
703,2016,10,"2,500円"
704,2016,10,"3,100円"
705,2016,10,"6,500円"
706,2016,10,"4,200円"
707,2016,10,"4,000円"
708,2016,10,"4,877円"
709,2016,10,"4,600円"
710,2016,10,"4,600円"
711,2016,10,"4,000円"
712,2016,10,"10,550円"
713,2016,10,"2,100円"
714,2016,10,"4,000円"
715,2016,10,"14,010円"
716,2016,11,400円
717,2016,11,"9,850円"
718,2016,11,"6,000円"
719,2016,11,"4,000円"
720,2016,11,"6,250円"
721,2016,11,"3,000円"
722,2016,11,"4,900円"
723,2016,11,"5,000円"
724,2016,11,"1,300円"
725,2016,11,400円
726,2016,11,"3,100円"
727,2016,11,"39,388円"
728,2016,11,"9,100円"
729,2016,11,"9,050円"
730,2016,11,"5,000円"
731,2016,11,"4,000円"
732,2016,11,"2,700円"
733,2016,11,"2,000円"
734,2016,11,"2,800円"
735,2016,11,"3,000円"
736,2016,11,"1,000円"
737,2016,11,"1,000円"
738,2016,11,"1,000円"
739,2016,11,"4,100円"
740,2016,11,"6,362円"
741,2016,11,"5,000円"
742,2016,11,"3,300円"
743,2016,11,"15,000円"
744,2016,11,"35,500円"
745,2016,11,"2,500円"
746,2016,11,"12,000円"
747,2016,12,"7,500円"
748,2016,12,"8,250円"
749,2016,12,"1,000円"
750,2016,12,"20,600円"
751,2016,12,"2,000円"
752,2016,12,"19,010円"
753,2016,12,"5,750円"
754,2016,12,"4,000円"
755,2016,12,"3,500円"
756,2016,12,"2,100円"
757,2016,12,"24,500円"
758,2016,12,"10,501円"
759,2016,12,"2,100円"
760,2016,12,"4,000円"
761,2016,12,"2,400円"
762,2017,1,"10,000円"
763,2017,1,"1,500円"
764,2017,1,"10,000円"
765,2017,1,"6,500円"
766,2017,1,"7,250円"
767,2017,1,"1,900円"
768,2017,1,"1,500円"
769,2017,1,"1,500円"
770,2017,1,"1,500円"
771,2017,1,"11,551円"
772,2017,1,"7,250円"
773,2017,1,"36,500円"
774,2017,1,"14,000円"
775,2017,1,"9,000円"
776,2017,1,"5,580円"
777,2017,1,"8,250円"
778,2017,1,"15,000円"
779,2017,1,"19,500円"
780,2017,1,"35,502円"
781,2017,1,"2,500円"
782,2017,1,"2,500円"
783,2017,1,"17,500円"
784,2017,1,"7,000円"
785,2017,1,"3,600円"
786,2017,1,"11,000円"
787,2017,1,"7,250円"
788,2017,1,"2,610円"
789,2017,1,"2,622円"
790,2017,1,"4,200円"
791,2017,1,"12,000円"
792,2017,1,"11,500円"
793,2017,1,"10,000円"
794,2017,1,"5,250円"
795,2017,2,"10,000円"
796,2017,2,"1,500円"
797,2017,2,"10,000円"
798,2017,2,"6,500円"
799,2017,2,"7,250円"
800,2017,2,"1,900円"
801,2017,2,"1,500円"
802,2017,2,"1,500円"
803,2017,2,"1,500円"
804,2017,2,"11,551円"
805,2017,2,"7,250円"
806,2017,2,"36,500円"
807,2017,2,"14,000円"
808,2017,2,"9,000円"
809,2017,2,"5,580円"
810,2017,2,"8,250円"
811,2017,2,"15,000円"
812,2017,2,"19,500円"
813,2017,2,"35,502円"
814,2017,2,"2,500円"
815,2017,2,"2,500円"
816,2017,2,"17,500円"
817,2017,2,"7,000円"
818,2017,2,"3,600円"
819,2017,2,"11,000円"
820,2017,2,"7,250円"
821,2017,2,"2,610円"
822,2017,2,"2,622円"
823,2017,2,"4,200円"
824,2017,2,"12,000円"
825,2017,2,"11,500円"
826,2017,2,"10,000円"
827,2017,2,"5,250円"
828,2017,3,"10,000円"
829,2017,3,"1,500円"
830,2017,3,"10,000円"
831,2017,3,"6,500円"
832,2017,3,"7,250円"
833,2017,3,"1,900円"
834,2017,3,"1,500円"
835,2017,3,"1,500円"
836,2017,3,"1,500円"
837,2017,3,"11,551円"
838,2017,3,"7,250円"
839,2017,3,"36,500円"
840,2017,3,"14,000円"
841,2017,3,"9,000円"
842,2017,3,"5,580円"
843,2017,3,"8,250円"
844,2017,3,"15,000円"
845,2017,3,"19,500円"
846,2017,3,"35,502円"
847,2017,3,"2,500円"
848,2017,3,"2,500円"
849,2017,3,"17,500円"
850,2017,3,"7,000円"
851,2017,3,"3,600円"
852,2017,3,"11,000円"
853,2017,3,"7,250円"
854,2017,3,"2,610円"
855,2017,3,"2,622円"
856,2017,3,"4,200円"
857,2017,3,"12,000円"
858,2017,3,"11,500円"
859,2017,3,"10,000円"
860,2017,3,"5,250円"
861,2017,4,"10,000円"
862,2017,4,"1,500円"
863,2017,4,"10,000円"
864,2017,4,"6,500円"
865,2017,4,"7,250円"
866,2017,4,"1,900円"
867,2017,4,"1,500円"
868,2017,4,"1,500円"
869,2017,4,"1,500円"
870,2017,4,"11,551円"
871,2017,4,"7,250円"
872,2017,4,"36,500円"
873,2017,4,"14,000円"
874,2017,4,"9,000円"
875,2017,4,"5,580円"
876,2017,4,"8,250円"
877,2017,4,"15,000円"
878,2017,4,"19,500円"
879,2017,4,"35,502円"
880,2017,4,"2,500円"
881,2017,4,"2,500円"
882,2017,4,"17,500円"
883,2017,4,"7,000円"
884,2017,4,"3,600円"
885,2017,4,"11,000円"
886,2017,4,"7,250円"
887,2017,4,"2,610円"
888,2017,4,"2,622円"
889,2017,4,"4,200円"
890,2017,4,"12,000円"
891,2017,4,"11,500円"
892,2017,4,"10,000円"
893,2017,4,"5,250円"
894,2017,5,"10,000円"
895,2017,5,"1,500円"
896,2017,5,"10,000円"
897,2017,5,"6,500円"
898,2017,5,"7,250円"
899,2017,5,"1,900円"
900,2017,5,"1,500円"
901,2017,5,"1,500円"
902,2017,5,"1,500円"
903,2017,5,"11,551円"
904,2017,5,"7,250円"
905,2017,5,"36,500円"
906,2017,5,"14,000円"
907,2017,5,"9,000円"
908,2017,5,"5,580円"
909,2017,5,"8,250円"
910,2017,5,"15,000円"
911,2017,5,"19,500円"
912,2017,5,"35,502円"
913,2017,5,"2,500円"
914,2017,5,"2,500円"
915,2017,5,"17,500円"
916,2017,5,"7,000円"
917,2017,5,"3,600円"
918,2017,5,"11,000円"
919,2017,5,"7,250円"
920,2017,5,"2,610円"
921,2017,5,"2,622円"
922,2017,5,"4,200円"
923,2017,5,"12,000円"
924,2017,5,"11,500円"
925,2017,5,"10,000円"
926,2017,5,"5,250円"
927,2017,6,"10,000円"
928,2017,6,"1,500円"
929,2017,6,"10,000円"
930,2017,6,"6,500円"
931,2017,6,"7,250円"
932,2017,6,"1,900円"
933,2017,6,"1,500円"
934,2017,6,"1,500円"
935,2017,6,"1,500円"
936,2017,6,"11,551円"
937,2017,6,"7,250円"
938,2017,6,"36,500円"
939,2017,6,"14,000円"
940,2017,6,"9,000円"
941,2017,6,"5,580円"
942,2017,6,"8,250円"
943,2017,6,"15,000円"
944,2017,6,"19,500円"
945,2017,6,"35,502円"
946,2017,6,"2,500円"
947,2017,6,"2,500円"
948,2017,6,"17,500円"
949,2017,6,"7,000円"
950,2017,6,"3,600円"
951,2017,6,"11,000円"
952,2017,6,"7,250円"
953,2017,6,"2,610円"
954,2017,6,"2,622円"
955,2017,6,"4,200円"
956,2017,6,"12,000円"
957,2017,6,"11,500円"
958,2017,6,"10,000円"
959,2017,6,"5,250円"
960,2017,7,"10,000円"
961,2017,7,"1,500円"
962,2017,7,"10,000円"
963,2017,7,"6,500円"
964,2017,7,"7,250円"
965,2017,7,"1,900円"
966,2017,7,"1,500円"
967,2017,7,"1,500円"
968,2017,7,"1,500円"
969,2017,7,"11,551円"
970,2017,7,"7,250円"
971,2017,7,"36,500円"
972,2017,7,"14,000円"
973,2017,7,"9,000円"
974,2017,7,"5,580円"
975,2017,7,"8,250円"
976,2017,7,"15,000円"
977,2017,7,"19,500円"
978,2017,7,"35,502円"
979,2017,7,"2,500円"
980,2017,7,"2,500円"
981,2017,7,"17,500円"
982,2017,7,"7,000円"
983,2017,7,"3,600円"
984,2017,7,"11,000円"
985,2017,7,"7,250円"
986,2017,7,"2,610円"
987,2017,7,"2,622円"
988,2017,7,"4,200円"
989,2017,7,"12,000円"
990,2017,7,"11,500円"
991,2017,7,"10,000円"
992,2017,7,"5,250円"
993,2017,8,"10,000円"
994,2017,8,"1,500円"
995,2017,8,"10,000円"
996,2017,8,"6,500円"
997,2017,8,"7,250円"
998,2017,8,"1,900円"
999,2017,8,"1,500円"
1000,2017,8,"1,500円"
1001,2017,8,"1,500円"
1002,2017,8,"11,551円"
1003,2017,8,"7,250円"
1004,2017,8,"36,500円"
1005,2017,8,"14,000円"
1006,2017,8,"9,000円"
1007,2017,8,"5,580円"
1008,2017,8,"8,250円"
1009,2017,8,"15,000円"
1010,2017,8,"19,500円"
1011,2017,8,"35,502円"
1012,2017,8,"2,500円"
1013,2017,8,"2,500円"
1014,2017,8,"17,500円"
1015,2017,8,"7,000円"
1016,2017,8,"3,600円"
1017,2017,8,"11,000円"
1018,2017,8,"7,250円"
1019,2017,8,"2,610円"
1020,2017,8,"2,622円"
1021,2017,8,"4,200円"
1022,2017,8,"12,000円"
1023,2017,8,"11,500円"
1024,2017,8,"10,000円"
1025,2017,8,"5,250円"
1026,2017,9,"10,000円"
1027,2017,9,"1,500円"
1028,2017,9,"10,000円"
1029,2017,9,"6,500円"
1030,2017,9,"7,250円"
1031,2017,9,"1,900円"
1032,2017,9,"1,500円"
1033,2017,9,"1,500円"
1034,2017,9,"1,500円"
1035,2017,9,"11,551円"
1036,2017,9,"7,250円"
1037,2017,9,"36,500円"
1038,2017,9,"14,000円"
1039,2017,9,"9,000円"
1040,2017,9,"5,580円"
1041,2017,9,"8,250円"
1042,2017,9,"15,000円"
1043,2017,9,"19,500円"
1044,2017,9,"35,502円"
1045,2017,9,"2,500円"
1046,2017,9,"2,500円"
1047,2017,9,"17,500円"
1048,2017,9,"7,000円"
1049,2017,9,"3,600円"
1050,2017,9,"11,000円"
1051,2017,9,"7,250円"
1052,2017,9,"2,610円"
1053,2017,9,"2,622円"
1054,2017,9,"4,200円"
1055,2017,9,"12,000円"
1056,2017,9,"11,500円"
1057,2017,9,"10,000円"
1058,2017,9,"5,250円"
1059,2017,10,"1,600円"
1060,2017,10,11円
1061,2017,10,"3,600円"
1062,2017,10,"15,000円"
1063,2017,10,"6,000円"
1064,2017,10,"5,600円"
1065,2017,10,"1,850円"
1066,2017,10,"5,000円"
1067,2017,10,"7,000円"
1068,2017,10,"1,700円"
1069,2017,10,"1,500円"
1070,2017,10,"3,000円"
1071,2017,10,"8,000円"
1072,2017,10,"14,000円"
1073,2017,10,"4,150円"
1074,2017,11,"2,500円"
1075,2017,11,"6,000円"
1076,2017,11,"6,250円"
1077,2017,11,"3,000円"
1078,2017,11,"2,000円"
1079,2017,11,"1,000円"
1080,2017,11,"4,000円"
1081,2017,11,"9,350円"
1082,2017,11,"2,000円"
1083,2017,11,"3,000円"
1084,2017,11,"2,400円"
1085,2017,12,"3,500円"
1086,2017,12,"4,100円"
1087,2017,12,"10,500円"
1088,2017,12,"3,000円"
1089,2017,12,"2,500円"
1090,2017,12,"8,500円"
1091,2017,12,"2,200円"
1092,2017,12,"2,000円"
1093,2017,12,"2,000円"
1094,2017,12,"3,000円"
1095,2017,12,"15,000円"
1096,2018,1,"10,000円"
1097,2018,1,"1,500円"
1098,2018,1,"10,000円"
1099,2018,1,"6,500円"
1100,2018,1,"7,250円"
1101,2018,1,"1,900円"
1102,2018,1,"1,500円"
1103,2018,1,"1,500円"
1104,2018,1,"1,500円"
1105,2018,1,"11,551円"
1106,2018,1,"7,250円"
1107,2018,1,"36,500円"
1108,2018,1,"14,000円"
1109,2018,1,"9,000円"
1110,2018,1,"5,580円"
1111,2018,1,"8,250円"
1112,2018,1,"15,000円"
1113,2018,1,"19,500円"
1114,2018,1,"35,502円"
1115,2018,1,"2,500円"
1116,2018,1,"2,500円"
1117,2018,1,"17,500円"
1118,2018,1,"7,000円"
1119,2018,1,"3,600円"
1120,2018,1,"11,000円"
1121,2018,1,"7,250円"
1122,2018,1,"2,610円"
1123,2018,1,"2,622円"
1124,2018,1,"4,200円"
1125,2018,1,"12,000円"
1126,2018,1,"11,500円"
1127,2018,1,"10,000円"
1128,2018,1,"5,250円"
1129,2018,2,"10,000円"
1130,2018,2,"1,500円"
1131,2018,2,"10,000円"
1132,2018,2,"6,500円"
1133,2018,2,"7,250円"
1134,2018,2,"1,900円"
1135,2018,2,"1,500円"
1136,2018,2,"1,500円"
1137,2018,2,"1,500円"
1138,2018,2,"11,551円"
1139,2018,2,"7,250円"
1140,2018,2,"36,500円"
1141,2018,2,"14,000円"
1142,2018,2,"9,000円"
1143,2018,2,"5,580円"
1144,2018,2,"8,250円"
1145,2018,2,"15,000円"
1146,2018,2,"19,500円"
1147,2018,2,"35,502円"
1148,2018,2,"2,500円"
1149,2018,2,"2,500円"
1150,2018,2,"17,500円"
1151,2018,2,"7,000円"
1152,2018,2,"3,600円"
1153,2018,2,"11,000円"
1154,2018,2,"7,250円"
1155,2018,2,"2,610円"
1156,2018,2,"2,622円"
1157,2018,2,"4,200円"
1158,2018,2,"12,000円"
1159,2018,2,"11,500円"
1160,2018,2,"10,000円"
1161,2018,2,"5,250円"
1162,2018,3,"10,000円"
1163,2018,3,"1,500円"
1164,2018,3,"10,000円"
1165,2018,3,"6,500円"
1166,2018,3,"7,250円"
1167,2018,3,"1,900円"
1168,2018,3,"1,500円"
1169,2018,3,"1,500円"
1170,2018,3,"1,500円"
1171,2018,3,"11,551円"
1172,2018,3,"7,250円"
1173,2018,3,"36,500円"
1174,2018,3,"14,000円"
1175,2018,3,"9,000円"
1176,2018,3,"5,580円"
1177,2018,3,"8,250円"
1178,2018,3,"15,000円"
1179,2018,3,"19,500円"
1180,2018,3,"35,502円"
1181,2018,3,"2,500円"
1182,2018,3,"2,500円"
1183,2018,3,"17,500円"
1184,2018,3,"7,000円"
1185,2018,3,"3,600円"
1186,2018,3,"11,000円"
1187,2018,3,"7,250円"
1188,2018,3,"2,610円"
1189,2018,3,"2,622円"
1190,2018,3,"4,200円"
1191,2018,3,"12,000円"
1192,2018,3,"11,500円"
1193,2018,3,"10,000円"
1194,2018,3,"5,250円"
1195,2018,4,"10,000円"
1196,2018,4,"1,500円"
1197,2018,4,"10,000円"
1198,2018,4,"6,500円"
1199,2018,4,"7,250円"
1200,2018,4,"1,900円"
1201,2018,4,"1,500円"
1202,2018,4,"1,500円"
1203,2018,4,"1,500円"
1204,2018,4,"11,551円"
1205,2018,4,"7,250円"
1206,2018,4,"36,500円"
1207,2018,4,"14,000円"
1208,2018,4,"9,000円"
1209,2018,4,"5,580円"
1210,2018,4,"8,250円"
1211,2018,4,"15,000円"
1212,2018,4,"19,500円"
1213,2018,4,"35,502円"
1214,2018,4,"2,500円"
1215,2018,4,"2,500円"
1216,2018,4,"17,500円"
1217,2018,4,"7,000円"
1218,2018,4,"3,600円"
1219,2018,4,"11,000円"
1220,2018,4,"7,250円"
1221,2018,4,"2,610円"
1222,2018,4,"2,622円"
1223,2018,4,"4,200円"
1224,2018,4,"12,000円"
1225,2018,4,"11,500円"
1226,2018,4,"10,000円"
1227,2018,4,"5,250円"
1228,2018,5,"10,000円"
1229,2018,5,"1,500円"
1230,2018,5,"10,000円"
1231,2018,5,"6,500円"
1232,2018,5,"7,250円"
1233,2018,5,"1,900円"
1234,2018,5,"1,500円"
1235,2018,5,"1,500円"
1236,2018,5,"1,500円"
1237,2018,5,"11,551円"
1238,2018,5,"7,250円"
1239,2018,5,"36,500円"
1240,2018,5,"14,000円"
1241,2018,5,"9,000円"
1242,2018,5,"5,580円"
1243,2018,5,"8,250円"
1244,2018,5,"15,000円"
1245,2018,5,"19,500円"
1246,2018,5,"35,502円"
1247,2018,5,"2,500円"
1248,2018,5,"2,500円"
1249,2018,5,"17,500円"
1250,2018,5,"7,000円"
1251,2018,5,"3,600円"
1252,2018,5,"11,000円"
1253,2018,5,"7,250円"
1254,2018,5,"2,610円"
1255,2018,5,"2,622円"
1256,2018,5,"4,200円"
1257,2018,5,"12,000円"
1258,2018,5,"11,500円"
1259,2018,5,"10,000円"
1260,2018,5,"5,250円"
1261,2018,6,"10,000円"
1262,2018,6,"1,500円"
1263,2018,6,"10,000円"
1264,2018,6,"6,500円"
1265,2018,6,"7,250円"
1266,2018,6,"1,900円"
1267,2018,6,"1,500円"
1268,2018,6,"1,500円"
1269,2018,6,"1,500円"
1270,2018,6,"11,551円"
1271,2018,6,"7,250円"
1272,2018,6,"36,500円"
1273,2018,6,"14,000円"
1274,2018,6,"9,000円"
1275,2018,6,"5,580円"
1276,2018,6,"8,250円"
1277,2018,6,"15,000円"
1278,2018,6,"19,500円"
1279,2018,6,"35,502円"
1280,2018,6,"2,500円"
1281,2018,6,"2,500円"
1282,2018,6,"17,500円"
1283,2018,6,"7,000円"
1284,2018,6,"3,600円"
1285,2018,6,"11,000円"
1286,2018,6,"7,250円"
1287,2018,6,"2,610円"
1288,2018,6,"2,622円"
1289,2018,6,"4,200円"
1290,2018,6,"12,000円"
1291,2018,6,"11,500円"
1292,2018,6,"10,000円"
1293,2018,6,"5,250円"
1294,2018,7,"10,000円"
1295,2018,7,"1,500円"
1296,2018,7,"10,000円"
1297,2018,7,"6,500円"
1298,2018,7,"7,250円"
1299,2018,7,"1,900円"
1300,2018,7,"1,500円"
1301,2018,7,"1,500円"
1302,2018,7,"1,500円"
1303,2018,7,"11,551円"
1304,2018,7,"7,250円"
1305,2018,7,"36,500円"
1306,2018,7,"14,000円"
1307,2018,7,"9,000円"
1308,2018,7,"5,580円"
1309,2018,7,"8,250円"
1310,2018,7,"15,000円"
1311,2018,7,"19,500円"
1312,2018,7,"35,502円"
1313,2018,7,"2,500円"
1314,2018,7,"2,500円"
1315,2018,7,"17,500円"
1316,2018,7,"7,000円"
1317,2018,7,"3,600円"
1318,2018,7,"11,000円"
1319,2018,7,"7,250円"
1320,2018,7,"2,610円"
1321,2018,7,"2,622円"
1322,2018,7,"4,200円"
1323,2018,7,"12,000円"
1324,2018,7,"11,500円"
1325,2018,7,"10,000円"
1326,2018,7,"5,250円"
1327,2018,8,"10,000円"
1328,2018,8,"1,500円"
1329,2018,8,"10,000円"
1330,2018,8,"6,500円"
1331,2018,8,"7,250円"
1332,2018,8,"1,900円"
1333,2018,8,"1,500円"
1334,2018,8,"1,500円"
1335,2018,8,"1,500円"
1336,2018,8,"11,551円"
1337,2018,8,"7,250円"
1338,2018,8,"36,500円"
1339,2018,8,"14,000円"
1340,2018,8,"9,000円"
1341,2018,8,"5,580円"
1342,2018,8,"8,250円"
1343,2018,8,"15,000円"
1344,2018,8,"19,500円"
1345,2018,8,"35,502円"
1346,2018,8,"2,500円"
1347,2018,8,"2,500円"
1348,2018,8,"17,500円"
1349,2018,8,"7,000円"
1350,2018,8,"3,600円"
1351,2018,8,"11,000円"
1352,2018,8,"7,250円"
1353,2018,8,"2,610円"
1354,2018,8,"2,622円"
1355,2018,8,"4,200円"
1356,2018,8,"12,000円"
1357,2018,8,"11,500円"
1358,2018,8,"10,000円"
1359,2018,8,"5,250円"
1360,2018,9,"10,000円"
1361,2018,9,"1,500円"
1362,2018,9,"10,000円"
1363,2018,9,"6,500円"
1364,2018,9,"7,250円"
1365,2018,9,"1,900円"
1366,2018,9,"1,500円"
1367,2018,9,"1,500円"
1368,2018,9,"1,500円"
1369,2018,9,"11,551円"
1370,2018,9,"7,250円"
1371,2018,9,"36,500円"
1372,2018,9,"14,000円"
1373,2018,9,"9,000円"
1374,2018,9,"5,580円"
1375,2018,9,"8,250円"
1376,2018,9,"15,000円"
1377,2018,9,"19,500円"
1378,2018,9,"35,502円"
1379,2018,9,"2,500円"
1380,2018,9,"2,500円"
1381,2018,9,"17,500円"
1382,2018,9,"7,000円"
1383,2018,9,"3,600円"
1384,2018,9,"11,000円"
1385,2018,9,"7,250円"
1386,2018,9,"2,610円"
1387,2018,9,"2,622円"
1388,2018,9,"4,200円"
1389,2018,9,"12,000円"
1390,2018,9,"11,500円"
1391,2018,9,"10,000円"
1392,2018,9,"5,250円"
1393,2018,10,"3,110円"
1394,2018,10,"2,610円"
1395,2018,10,"2,600円"
1396,2018,10,"20,000円"
1397,2018,10,"7,000円"
1398,2018,10,"15,500円"
1399,2018,10,"11,000円"
1400,2018,10,"2,400円"
1401,2018,10,"2,100円"
1402,2018,10,"2,100円"
1403,2018,10,"8,500円"
1404,2018,10,"3,500円"
1405,2018,10,"3,500円"
1406,2018,10,"6,980円"
1407,2018,10,"5,000円"
1408,2018,10,"14,000円"
1409,2018,10,"12,050円"
1410,2018,10,"25,000円"
1411,2018,10,"4,000円"
1412,2018,10,"28,500円"
1413,2018,11,"2,600円"
1414,2018,11,"2,610円"
1415,2018,11,"2,100円"
1416,2018,11,"6,250円"
1417,2018,11,"14,000円"
1418,2018,11,"12,000円"
1419,2018,11,"7,500円"
1420,2018,11,"5,000円"
1421,2018,11,"5,000円"
1422,2018,11,"9,000円"
1423,2018,11,"9,200円"
1424,2018,11,"5,000円"
1425,2018,11,"4,100円"
1426,2018,11,"2,000円"
1427,2018,11,"3,700円"
1428,2018,11,"5,760円"
1429,2018,11,"4,300円"
1430,2018,11,"2,500円"
1431,2018,11,"8,050円"
1432,2018,11,"8,000円"
1433,2018,11,"2,810円"
1434,2018,11,"5,700円"
1435,2018,11,"8,250円"
1436,2018,11,"2,610円"
1437,2018,11,"15,000円"
1438,2018,11,"5,350円"
1439,2018,11,"8,300円"
1440,2018,11,"5,000円"
1441,2018,11,"3,600円"
1442,2018,11,"17,000円"
1443,2018,11,"15,000円"
1444,2018,11,"18,000円"
1445,2018,11,"8,000円"
1446,2018,11,"8,100円"
1447,2018,11,"5,250円"
1448,2018,11,"40,000円"
1449,2018,11,"15,500円"
1450,2018,11,"10,500円"
1451,2018,11,"47,500円"
1452,2018,11,"4,500円"
1453,2018,12,"8,000円"
1454,2018,12,"16,751円"
1455,2018,12,"6,010円"
1456,2018,12,"5,750円"
1457,2018,12,"12,800円"
1458,2018,12,"5,000円"
1459,2018,12,"6,000円"
1460,2018,12,"8,260円"
1461,2018,12,"5,250円"
1462,2018,12,"18,001円"
1463,2018,12,"3,000円"
1464,2018,12,"2,400円"
1465,2018,12,"2,400円"
1466,2018,12,"2,400円"
1467,2018,12,"4,610円"
1468,2018,12,"3,000円"
1469,2018,12,"3,000円"
1470,2018,12,"2,800円"
1471,2018,12,"10,800円"
1472,2018,12,"10,500円"
1473,2018,12,"5,000円"
1474,2018,12,"2,000円"
1475,2018,12,"1,900円"
1476,2018,12,"2,200円"
1477,2018,12,"2,200円"
1478,2018,12,"2,200円"
1479,2018,12,"12,000円"
1480,2018,12,"18,000円"
1481,2018,12,"6,916円"
1482,2018,12,"9,800円"
1483,2018,12,"3,002円"
1484,2018,12,"3,500円"
1485,2018,12,"5,250円"
1486,2018,12,"8,500円"
1487,2018,12,"4,610円"
1488,2018,12,"5,250円"
1489,2018,12,"3,600円"
1490,2018,12,"18,000円"
1491,2018,12,"13,100円"
1492,2018,12,"4,300円"
1493,2018,12,"20,000円"
1494,2018,12,"25,050円"
1495,2018,12,"13,800円"
1496,2018,12,"5,475円"
1497,2018,12,"5,500円"
1498,2018,12,"3,300円"
1499,2018,12,"6,250円"
1500,2018,12,"3,000円"
1501,2018,12,"4,000円"
1502,2019,1,"10,000円"
1503,2019,1,"1,500円"
1504,2019,1,"10,000円"
1505,2019,1,"6,500円"
1506,2019,1,"7,250円"
1507,2019,1,"1,900円"
1508,2019,1,"1,500円"
1509,2019,1,"1,500円"
1510,2019,1,"1,500円"
1511,2019,1,"11,551円"
1512,2019,1,"7,250円"
1513,2019,1,"36,500円"
1514,2019,1,"14,000円"
1515,2019,1,"9,000円"
1516,2019,1,"5,580円"
1517,2019,1,"8,250円"
1518,2019,1,"15,000円"
1519,2019,1,"19,500円"
1520,2019,1,"35,502円"
1521,2019,1,"2,500円"
1522,2019,1,"2,500円"
1523,2019,1,"17,500円"
1524,2019,1,"7,000円"
1525,2019,1,"3,600円"
1526,2019,1,"11,000円"
1527,2019,1,"7,250円"
1528,2019,1,"2,610円"
1529,2019,1,"2,622円"
1530,2019,1,"4,200円"
1531,2019,1,"12,000円"
1532,2019,1,"11,500円"
1533,2019,1,"10,000円"
1534,2019,1,"5,250円"
1535,2019,2,"10,000円"
1536,2019,2,"1,500円"
1537,2019,2,"10,000円"
1538,2019,2,"6,500円"
1539,2019,2,"7,250円"
1540,2019,2,"1,900円"
1541,2019,2,"1,500円"
1542,2019,2,"1,500円"
1543,2019,2,"1,500円"
1544,2019,2,"11,551円"
1545,2019,2,"7,250円"
1546,2019,2,"36,500円"
1547,2019,2,"14,000円"
1548,2019,2,"9,000円"
1549,2019,2,"5,580円"
1550,2019,2,"8,250円"
1551,2019,2,"15,000円"
1552,2019,2,"19,500円"
1553,2019,2,"35,502円"
1554,2019,2,"2,500円"
1555,2019,2,"2,500円"
1556,2019,2,"17,500円"
1557,2019,2,"7,000円"
1558,2019,2,"3,600円"
1559,2019,2,"11,000円"
1560,2019,2,"7,250円"
1561,2019,2,"2,610円"
1562,2019,2,"2,622円"
1563,2019,2,"4,200円"
1564,2019,2,"12,000円"
1565,2019,2,"11,500円"
1566,2019,2,"10,000円"
1567,2019,2,"5,250円"
1568,2019,3,"10,000円"
1569,2019,3,"1,500円"
1570,2019,3,"10,000円"
1571,2019,3,"6,500円"
1572,2019,3,"7,250円"
1573,2019,3,"1,900円"
1574,2019,3,"1,500円"
1575,2019,3,"1,500円"
1576,2019,3,"1,500円"
1577,2019,3,"11,551円"
1578,2019,3,"7,250円"
1579,2019,3,"36,500円"
1580,2019,3,"14,000円"
1581,2019,3,"9,000円"
1582,2019,3,"5,580円"
1583,2019,3,"8,250円"
1584,2019,3,"15,000円"
1585,2019,3,"19,500円"
1586,2019,3,"35,502円"
1587,2019,3,"2,500円"
1588,2019,3,"2,500円"
1589,2019,3,"17,500円"
1590,2019,3,"7,000円"
1591,2019,3,"3,600円"
1592,2019,3,"11,000円"
1593,2019,3,"7,250円"
1594,2019,3,"2,610円"
1595,2019,3,"2,622円"
1596,2019,3,"4,200円"
1597,2019,3,"12,000円"
1598,2019,3,"11,500円"
1599,2019,3,"10,000円"
1600,2019,3,"5,250円"
1601,2019,4,"10,000円"
1602,2019,4,"1,500円"
1603,2019,4,"10,000円"
1604,2019,4,"6,500円"
1605,2019,4,"7,250円"
1606,2019,4,"1,900円"
1607,2019,4,"1,500円"
1608,2019,4,"1,500円"
1609,2019,4,"1,500円"
1610,2019,4,"11,551円"
1611,2019,4,"7,250円"
1612,2019,4,"36,500円"
1613,2019,4,"14,000円"
1614,2019,4,"9,000円"
1615,2019,4,"5,580円"
1616,2019,4,"8,250円"
1617,2019,4,"15,000円"
1618,2019,4,"19,500円"
1619,2019,4,"35,502円"
1620,2019,4,"2,500円"
1621,2019,4,"2,500円"
1622,2019,4,"17,500円"
1623,2019,4,"7,000円"
1624,2019,4,"3,600円"
1625,2019,4,"11,000円"
1626,2019,4,"7,250円"
1627,2019,4,"2,610円"
1628,2019,4,"2,622円"
1629,2019,4,"4,200円"
1630,2019,4,"12,000円"
1631,2019,4,"11,500円"
1632,2019,4,"10,000円"
1633,2019,4,"5,250円"
1634,2019,5,"10,000円"
1635,2019,5,"1,500円"
1636,2019,5,"10,000円"
1637,2019,5,"6,500円"
1638,2019,5,"7,250円"
1639,2019,5,"1,900円"
1640,2019,5,"1,500円"
1641,2019,5,"1,500円"
1642,2019,5,"1,500円"
1643,2019,5,"11,551円"
1644,2019,5,"7,250円"
1645,2019,5,"36,500円"
1646,2019,5,"14,000円"
1647,2019,5,"9,000円"
1648,2019,5,"5,580円"
1649,2019,5,"8,250円"
1650,2019,5,"15,000円"
1651,2019,5,"19,500円"
1652,2019,5,"35,502円"
1653,2019,5,"2,500円"
1654,2019,5,"2,500円"
1655,2019,5,"17,500円"
1656,2019,5,"7,000円"
1657,2019,5,"3,600円"
1658,2019,5,"11,000円"
1659,2019,5,"7,250円"
1660,2019,5,"2,610円"
1661,2019,5,"2,622円"
1662,2019,5,"4,200円"
1663,2019,5,"12,000円"
1664,2019,5,"11,500円"
1665,2019,5,"10,000円"
1666,2019,5,"5,250円"
1667,2019,6,"10,000円"
1668,2019,6,"1,500円"
1669,2019,6,"10,000円"
1670,2019,6,"6,500円"
1671,2019,6,"7,250円"
1672,2019,6,"1,900円"
1673,2019,6,"1,500円"
1674,2019,6,"1,500円"
1675,2019,6,"1,500円"
1676,2019,6,"11,551円"
1677,2019,6,"7,250円"
1678,2019,6,"36,500円"
1679,2019,6,"14,000円"
1680,2019,6,"9,000円"
1681,2019,6,"5,580円"
1682,2019,6,"8,250円"
1683,2019,6,"15,000円"
1684,2019,6,"19,500円"
1685,2019,6,"35,502円"
1686,2019,6,"2,500円"
1687,2019,6,"2,500円"
1688,2019,6,"17,500円"
1689,2019,6,"7,000円"
1690,2019,6,"3,600円"
1691,2019,6,"11,000円"
1692,2019,6,"7,250円"
1693,2019,6,"2,610円"
1694,2019,6,"2,622円"
1695,2019,6,"4,200円"
1696,2019,6,"12,000円"
1697,2019,6,"11,500円"
1698,2019,6,"10,000円"
1699,2019,6,"5,250円"
1700,2019,7,"10,000円"
1701,2019,7,"1,500円"
1702,2019,7,"10,000円"
1703,2019,7,"6,500円"
1704,2019,7,"7,250円"
1705,2019,7,"1,900円"
1706,2019,7,"1,500円"
1707,2019,7,"1,500円"
1708,2019,7,"1,500円"
1709,2019,7,"11,551円"
1710,2019,7,"7,250円"
1711,2019,7,"36,500円"
1712,2019,7,"14,000円"
1713,2019,7,"9,000円"
1714,2019,7,"5,580円"
1715,2019,7,"8,250円"
1716,2019,7,"15,000円"
1717,2019,7,"19,500円"
1718,2019,7,"35,502円"
1719,2019,7,"2,500円"
1720,2019,7,"2,500円"
1721,2019,7,"17,500円"
1722,2019,7,"7,000円"
1723,2019,7,"3,600円"
1724,2019,7,"11,000円"
1725,2019,7,"7,250円"
1726,2019,7,"2,610円"
1727,2019,7,"2,622円"
1728,2019,7,"4,200円"
1729,2019,7,"12,000円"
1730,2019,7,"11,500円"
1731,2019,7,"10,000円"
1732,2019,7,"5,250円"
1733,2019,8,"10,000円"
1734,2019,8,"1,500円"
1735,2019,8,"10,000円"
1736,2019,8,"6,500円"
1737,2019,8,"7,250円"
1738,2019,8,"1,900円"
1739,2019,8,"1,500円"
1740,2019,8,"1,500円"
1741,2019,8,"1,500円"
1742,2019,8,"11,551円"
1743,2019,8,"7,250円"
1744,2019,8,"36,500円"
1745,2019,8,"14,000円"
1746,2019,8,"9,000円"
1747,2019,8,"5,580円"
1748,2019,8,"8,250円"
1749,2019,8,"15,000円"
1750,2019,8,"19,500円"
1751,2019,8,"35,502円"
1752,2019,8,"2,500円"
1753,2019,8,"2,500円"
1754,2019,8,"17,500円"
1755,2019,8,"7,000円"
1756,2019,8,"3,600円"
1757,2019,8,"11,000円"
1758,2019,8,"7,250円"
1759,2019,8,"2,610円"
1760,2019,8,"2,622円"
1761,2019,8,"4,200円"
1762,2019,8,"12,000円"
1763,2019,8,"11,500円"
1764,2019,8,"10,000円"
1765,2019,8,"5,250円"
1766,2019,9,"10,000円"
1767,2019,9,"1,500円"
1768,2019,9,"10,000円"
1769,2019,9,"6,500円"
1770,2019,9,"7,250円"
1771,2019,9,"1,900円"
1772,2019,9,"1,500円"
1773,2019,9,"1,500円"
1774,2019,9,"1,500円"
1775,2019,9,"11,551円"
1776,2019,9,"7,250円"
1777,2019,9,"36,500円"
1778,2019,9,"14,000円"
1779,2019,9,"9,000円"
1780,2019,9,"5,580円"
1781,2019,9,"8,250円"
1782,2019,9,"15,000円"
1783,2019,9,"19,500円"
1784,2019,9,"35,502円"
1785,2019,9,"2,500円"
1786,2019,9,"2,500円"
1787,2019,9,"17,500円"
1788,2019,9,"7,000円"
1789,2019,9,"3,600円"
1790,2019,9,"11,000円"
1791,2019,9,"7,250円"
1792,2019,9,"2,610円"
1793,2019,9,"2,622円"
1794,2019,9,"4,200円"
1795,2019,9,"12,000円"
1796,2019,9,"11,500円"
1797,2019,9,"10,000円"
1798,2019,9,"5,250円"
1799,2019,10,"10,000円"
1800,2019,10,"1,500円"
1801,2019,10,"10,000円"
1802,2019,10,"6,500円"
1803,2019,10,"7,250円"
1804,2019,10,"1,900円"
1805,2019,10,"1,500円"
1806,2019,10,"1,500円"
1807,2019,10,"1,500円"
1808,2019,10,"11,551円"
1809,2019,10,"7,250円"
1810,2019,10,"36,500円"
1811,2019,10,"14,000円"
